sasdate,RW,AR1,ARp,OLS,Ridge,Lasso,PCR1,PCR6
2003-09-01,92.09858509799146,91.86756431111027,91.80819504275973,91.99599006800152,91.96846510971585,91.9344728687642,91.76682829122518,92.05481535497071
2003-10-01,91.73321894206862,91.80787562618103,91.8087973061149,92.05884255261337,91.98623821082468,91.9167614786489,91.98044956668463,92.03232942310885
2003-11-01,92.85408151832846,92.60611269710644,92.60215822777255,93.0926247441478,92.69873704554394,92.64478112187881,92.52528511313564,92.6434349625758
2003-12-01,92.28912816646636,92.4199327160772,92.47551348262625,92.76585986639108,92.75583357144211,92.58478071933034,92.69651996443382,92.80292132451574
2004-01-01,92.54305017326018,92.60135496945404,92.63299292383039,92.88418756791859,92.77461123548156,92.73501131201512,92.70309592120688,92.88280757224965
2004-02-01,93.52141080994679,93.31143675618334,93.24023177921819,93.40283784503066,93.32152379747956,93.29351398828214,93.25233570942892,93.38057876020679
2004-03-01,92.21654710764808,92.60267030313923,92.69055087314722,92.62740559866205,92.90933142195034,92.88123371283268,92.97167692486154,93.02752249210319
2004-04-01,93.2774028563659,93.2049854128763,93.15484792099103,93.28843318518841,93.34280760174417,93.3870009605832,93.26665721885128,93.33865297736345
2004-05-01,94.28031413974509,93.99653723299058,93.88719141200554,93.87703594997375,94.09412654826286,94.03609163620598,94.07474994426869,94.28121738626345
2004-06-01,92.14658936199855,92.76183606113193,92.92540931766564,93.02724649989412,93.48437364183795,93.37250511951322,93.43129779938403,93.65605864553649
2004-07-01,94.26688181241103,93.9654296600471,93.85010869838864,93.73981688679301,93.9362736245372,93.80666280860727,93.70144981192774,93.9494863683743
2004-08-01,93.6922280252928,93.80309280794951,93.74805573166716,94.11986837078419,94.10748225761894,94.08376181769114,94.11622306345916,94.19455931436416
2004-09-01,93.8676422546464,93.94207175533492,93.99327315518047,93.73783908256571,94.07143995983242,94.03010959510176,94.07302043698685,94.19132436147493
2004-10-01,95.35622485037291,94.98645769088985,94.8920005727513,95.20142330107676,95.12585548951894,95.00609512697494,94.93270226142005,95.03656969086813
2004-11-01,95.01870345493639,95.02016475097462,95.08175561186766,95.1469201166822,95.2606296905018,95.15151928931908,95.26747983074951,95.38822229547738
2004-12-01,96.3007376580862,95.96249009361587,95.9929005257639,95.4817604145847,95.79177869049961,95.88702383088105,95.78706802358793,95.88124137159004
2005-01-01,96.22717232955033,96.16011566030804,96.22188067425256,96.37174965488192,96.41631618157811,96.27316499894967,96.4163649986102,96.37958157956513
2005-02-01,97.28006537712017,96.9833073410915,97.027343141979,96.77944732184943,96.82393270342979,96.80658874007925,96.8868131143072,97.03454094818984
2005-03-01,96.31662682907017,96.5591304181684,96.67201697832787,96.95058604151811,97.03749994230401,97.079532433473,97.01088970643443,97.08504564806537
2005-04-01,96.8632284222264,96.8863243125272,96.89973471865748,96.98631669670738,97.02417257270221,96.98183804700669,96.93322379762269,97.12905691893395
2005-05-01,96.8290325414791,96.930673374141,96.88811284254443,97.18017005871988,97.12478215660279,97.11155742548975,97.20199339559643,97.23186907847443
2005-06-01,97.61476590490271,97.48985505004264,97.4441055922959,97.65935499218072,97.47428570887944,97.54061759315744,97.47038429624033,97.44447925797628
2005-07-01,96.56189597198707,96.91922104228617,96.97611007063992,97.37186740949129,97.28824658537052,97.33300537377376,97.36143738862434,97.3573522902195
2005-08-01,97.50220598501438,97.4549277868613,97.39566608800087,97.90808541970239,97.76890312398511,97.68011728328287,97.5699087229804,97.73166261043711
2005-09-01,93.45236137295792,94.80338167710799,94.94080338747068,95.14994531804203,95.60990812416753,95.58653774362116,95.68259973989952,95.69389561319194
2005-10-01,97.63168099153735,97.01282371977594,96.60733366074223,96.46840862557191,96.52026703224237,96.46289271972701,96.51184967415163,96.66738062738565
2005-11-01,98.6414007884941,98.0763231400149,97.83896804165879,97.9011808781975,97.97498029426072,98.05229689899801,98.10720424437535,97.99998670979386
2005-12-01,98.55412677130823,98.38165023437284,98.60612053814289,98.572423269415,98.59716971456703,98.65852779347365,98.61098439745244,98.48556457737857
2006-01-01,98.35672095315236,98.41725910727084,98.57536423711694,99.0234991534097,98.6833737617037,98.64902935377029,98.60181876793133,98.64333919458943
2006-02-01,98.28438387309639,98.41990506805601,98.45899868502252,98.63318749060139,98.77170311495377,98.73897514728448,98.80987584930703,98.81707486110872
2006-03-01,98.68679630220888,98.7030806178375,98.66333792947422,98.9506515927185,98.86997278929483,98.91437280257665,98.76567698163623,98.7318107987435
2006-04-01,99.06384834201062,99.0290775626391,98.99318943700392,99.2890828124504,99.21111867240123,99.16083729585787,99.25280362687086,99.27830079174961
2006-05-01,98.81364291464931,98.96064917063893,98.98447362998446,98.61634971617774,99.08479067443744,99.11220449141553,99.1531914411442,99.18141730157852
2006-06-01,99.41565382750083,99.37204977217404,99.34054393918431,99.03212459703131,99.19259385146131,99.21529241592498,99.27701523272087,99.27147939731792
2006-07-01,98.99962347174124,99.19706221074078,99.20373227984516,99.20392209963931,99.38067925471567,99.52326683029187,99.42290995769156,99.41990190911989
2006-08-01,99.92259245494486,99.79801467935128,99.74599975927119,99.57644740596577,99.62398425138842,99.67396129004307,99.5980054711608,99.62549716918812
2006-09-01,99.15456504718097,99.42803524109047,99.45282664086447,99.17817745789363,99.50241056516327,99.5306144431316,99.62885881378907,99.51273760394561
2006-10-01,99.09200910770238,99.33080301975883,99.32816620995551,99.38252223713721,99.34210609142022,99.40250676636327,99.37024973889554,99.2060067390636
2006-11-01,99.12252243873048,99.31311441615414,99.23274194439466,99.13122289032087,99.29187771525682,99.28532418751747,99.25672519837815,99.26187259547862
2006-12-01,101.1980389853516,100.68567905774333,100.5262186402765,100.18824827833099,100.35143592265892,100.43699439659105,100.3726510545211,100.341556104769
2007-01-01,99.49782718643601,99.88736148011115,100.01249162856391,99.85228507328017,100.13785044416132,100.01354705896262,100.31581685100632,100.16412517032828
2007-02-01,101.72816745758156,101.26189611199639,101.2108156381023,101.93113370263755,101.09324015401614,101.2853925314905,100.84223617951463,100.83418703162637
2007-03-01,101.13633760982063,101.1845816925956,101.21724268244681,101.08910230946431,101.1397080637774,101.1771539333696,101.22743692371775,101.1451336371794
2007-04-01,102.31948973805041,102.03277633897939,102.07211868813035,102.42769964342847,102.06329520632836,102.043131883888,101.95235862466329,101.84573105375682
2007-05-01,101.82966979198885,101.93464399997846,102.0035246771033,101.39365048733343,101.70188286851116,101.86610169507476,101.87764796582259,101.74975867601215
2007-06-01,101.8497399524712,101.98032819342467,102.02858118473641,101.78474510772413,102.00649118726166,102.09840199459732,101.97639668846986,101.91315572534644
2007-07-01,101.54662733202261,101.79715363585018,101.78154791003624,101.72753174495986,101.82054470526232,101.81886815933426,101.84680762397039,101.8266206946254
2007-08-01,102.06112193006939,102.09948958381631,102.02281468045601,102.06120506064472,101.9506393369902,102.04957859788298,101.8851204832594,101.83765423563706
2007-09-01,102.31830257704941,102.33648449945761,102.28194721156994,102.02703123764135,101.99088575354259,102.06432704449617,102.05724142563488,101.95289375440929
2007-10-01,101.51549692483874,101.87570125971477,101.91300064339477,101.85413479283172,101.88866137198178,101.84845931913841,101.88845380753013,101.8203551674281
2007-11-01,102.89315773437858,102.6979275761986,102.5855547537841,102.34782706884894,102.3395784001475,102.38642763476149,102.29700897000009,102.21349705577808
2007-12-01,102.4176694186803,102.56372381677271,102.55772360452593,101.95886920326417,102.41408997201196,102.48125923820481,102.49995202662048,102.34490817651239
2008-01-01,102.11083134478926,102.37047671200816,102.40982863886346,101.70522386773565,102.10178522828816,102.30809241890353,102.15634175601903,102.04361856402143
2008-02-01,101.44525473171794,101.87946131919811,101.85236393519006,101.42327778916062,101.65736859932586,101.68882588542124,101.76023835136955,101.61474618187216
2008-03-01,101.22537764548242,101.5978790496063,101.50139430389324,101.03342816566895,101.23231552748616,101.3982880461192,101.29392449650011,101.2923310428995
2008-04-01,100.22805415091429,100.82484899746639,100.74045018332279,100.24128562959932,100.61777794271035,100.71049092952077,100.62878003913833,100.60330612332106
2008-05-01,99.66049445905287,100.22506776860823,100.0968009655938,99.49026918837346,100.04074971616505,100.12257415307037,99.98025628022857,100.08951150560195
2008-06-01,99.80128169117279,100.11656237433293,99.91661312742782,100.05492919714887,100.0165507753075,99.96378425909265,99.81817114213482,99.96096319799405
2008-07-01,99.32069349658819,99.71578781089369,99.58974416329455,98.54832296352724,99.52089519875256,99.60975151163058,99.54342230506712,99.77731003206208
2008-08-01,96.56962603614639,97.73721790147442,97.75398496866327,97.1214651859726,97.72020379515412,97.95632659707904,97.72838834391321,97.90385206082368
2008-09-01,89.65270486087051,92.39649389840024,92.47721175403859,91.93754913976123,93.22092278820111,93.49392724343444,93.18436525723114,93.21176670099435
2008-10-01,95.66665393332164,95.18038110737402,94.20458521365708,94.31999025783904,94.40075985128144,94.37502594386025,93.76582392710239,94.20662254265284
2008-11-01,92.23692021198778,93.21188643820045,92.8487148112441,92.2266835301581,92.71006772059843,93.02560223251676,92.87466873123503,93.03620871831964
2008-12-01,88.27126437266885,90.09612193297937,90.29674333286466,88.49730301885494,89.56021862773895,89.89109344094616,89.71426762971775,89.82965735908927
2009-01-01,86.35841177537148,87.90936816810158,87.51785989133424,86.41705466460014,87.64974043779507,87.56173668016316,87.30369939534286,87.70351791178018
2009-02-01,87.49570177470544,87.96700896978386,87.24854413623474,87.24403843586212,87.31486199734067,87.16003969497535,86.72550173871998,87.39642159261085
2009-03-01,85.29518608276182,86.28845058375697,85.94711610822023,85.1385911192561,85.83885780708921,85.88542318716361,85.8800959611878,86.02110497196753
2009-04-01,85.22204443240283,85.79723357274602,85.54358829443045,84.78427772008881,85.16619083119853,85.19777842266743,84.85890821994046,84.9480269969584
2009-05-01,84.20719256194432,84.87162931669074,84.59424457882467,84.16219596285029,84.61093986310786,84.52736182799136,84.24938290575184,84.38759845624661
2009-06-01,84.42724442859156,84.74514485620962,84.49342141100564,84.46876185684698,84.453339780849,84.37486963993771,84.0163265152971,84.17516385387825
2009-07-01,86.67324972566458,86.16590439225445,85.83215092527115,85.88974096087671,85.67860206014153,85.44751794687139,85.15339560565144,85.49121551483334
2009-08-01,87.59573432096637,87.10276395367848,87.05615190630617,86.88022463836883,86.44067598256566,86.55101935540812,86.41842599113207,86.23126987125814
2009-09-01,88.17935665203967,87.80424774501816,87.98459987565045,87.99802214902644,87.5903329623712,87.45828162651122,87.19489563636841,87.43933673312134
2009-10-01,87.87984981280832,87.84796925020039,88.051384122009,88.00008221792595,87.59249340121427,87.66656323001028,87.35830189184546,87.38286224606736
2009-11-01,88.40591387892982,88.28133251769815,88.36102442040993,87.97557523261631,88.02037837704002,88.09876880718731,87.64444440435882,87.80362592057398
2009-12-01,88.7398768161742,88.63086649808545,88.64914520392004,88.21452858442113,88.38897052238396,88.4335254770607,88.2519329424922,88.39133524579368
2010-01-01,90.31938180772794,89.81763150364709,89.79152348892985,89.36642707347201,89.28826372601502,89.32971001283752,89.09051186877288,89.17016884424199
2010-02-01,90.01636125510717,89.9242990031752,90.05169241655476,89.88985932594467,89.87880050823507,89.97685138593513,89.68331133662593,89.83336172763006
2010-03-01,90.91430191939726,90.64223443193669,90.74345732167532,90.40592758945387,90.22646238868116,90.41342408663972,90.0769904426112,90.08453225405988
2010-04-01,90.90830014554793,90.83683777987032,90.91064140592435,91.19945726183676,90.89113245776987,90.86704546564107,90.67686942258081,90.8551265581544
2010-05-01,93.0668840257164,92.3990473543077,92.37344976386855,92.5801437567323,92.17646935743666,92.13659172240033,91.91267971286567,92.03904329761208
2010-06-01,92.16455971119177,92.18411463632937,92.36072659781533,92.15629132704123,92.15975547706437,92.39838624069678,92.12098402731095,92.12920656656769
2010-07-01,92.69467633932356,92.59894962763356,92.7425454979545,92.3268050712899,92.39622991574817,92.58007984614602,92.16765920827154,92.2842458396302
2010-08-01,93.0220735569811,92.93402955612325,92.93657114388454,92.57866014519581,92.7729889118658,92.93343321865427,92.64995129161278,92.81397410995534
2010-09-01,93.22953015297178,93.18410179133444,93.2203840687137,92.63664321800955,92.90400352676379,93.01329463512702,92.81570835738076,92.88309895006027
2010-10-01,92.42857372362037,92.72661518923329,92.80762850380293,92.44065021384921,92.72590151378269,92.91543226657659,92.60114255252046,92.66548215628197
2010-11-01,92.85306532408718,92.93089539852414,92.88432712223221,92.98624130420114,92.98638139110187,93.09765047204924,92.70477044024919,92.86469061153669
2010-12-01,94.59827933601076,94.14043840375385,93.97186142934675,93.93614913730825,93.71786657365372,93.94918908476791,93.57102182593887,93.63856667655658
2011-01-01,93.28555822985301,93.54345198782808,93.67144645615197,92.82506008549211,93.52746193806185,93.71534707809852,93.5732259424326,93.80722822612557
2011-02-01,92.74122545581375,93.10876611177223,93.22202911744291,93.1630990686034,93.36165882245952,93.3641673688204,93.07654095130415,93.1642370688579
2011-03-01,95.06046691471924,94.56102930598962,94.32856433010332,94.77327590705704,94.37244344861399,94.49650727519217,94.02252721893974,94.20318284660794
2011-04-01,93.4728497674181,93.80050377738982,93.87217665252136,94.36334191714641,94.04356908146961,94.07055352528486,93.85313538437656,93.98427502514441
2011-05-01,94.00278677356812,94.06161976240483,94.12121853186342,93.73437560814723,93.95156947217407,94.17212705549579,93.7795661596411,93.92666335155133
2011-06-01,94.45869272719133,94.40696666792253,94.30104738709471,94.14333335507672,94.14080791384812,94.27344754966687,94.10292713679593,94.14586623567557
2011-07-01,95.10442145307015,94.93616867916955,94.90514683680757,94.60821473747009,94.62921069392952,94.87258657471853,94.61108104275368,94.66354978518035
2011-08-01,95.92054484080968,95.639142340048,95.64463625758437,95.76837950087605,95.63467793871153,95.66073616917944,95.36187016986638,95.59661281956963
2011-09-01,95.11861144379981,95.3039943699253,95.43992417844413,95.08227570243989,95.16708873652153,95.47685504141755,95.1720629054955,95.20495782169426
2011-10-01,96.52455375781798,96.22938657295084,96.20942564303903,96.45184958649963,95.99252914570862,95.98491659864042,95.83648577782877,95.99630323371387
2011-11-01,95.84156675075378,95.98278066611354,96.02567953300768,95.23277011466867,95.88499678771963,96.08178855469448,95.9639468953358,96.00044804274833
2011-12-01,96.87061494873821,96.67590969957281,96.68507892576888,96.78881270647739,96.61847473229467,96.5979616658895,96.32674030177554,96.50943084901508
2012-01-01,97.51225734331052,97.27543796351677,97.24537807921452,97.28800601006883,97.20995853095936,97.20113624506529,97.08750769573756,97.1316658559578
2012-02-01,97.55810160442024,97.49403986722747,97.58673393035241,97.75331943591316,97.70874591755471,97.71135100553565,97.49031870814437,97.68554800845138
2012-03-01,96.23968389791098,96.70117000508847,96.84903758146707,96.97322898747171,96.91138403984772,97.0742381990855,96.82701849772533,96.89167907487723
2012-04-01,98.13933082926738,97.82253942627865,97.67986625969984,97.70010264202737,97.72274864214867,97.78616253476875,97.4632897145442,97.63541540683687
2012-05-01,97.88817503819517,97.88099215944756,97.83390078221015,98.1645421888053,97.74788434570337,97.87146216659308,97.73833159227704,97.79728628836419
2012-06-01,97.67309898501328,97.8087816821749,97.91141642349596,97.88108016495221,97.68570773275412,97.94280052082426,97.67497413323764,97.69176936532021
2012-07-01,98.07845086984392,98.08440549311543,98.0555936300778,97.75470644664261,97.98391790963568,98.06264378688071,97.86328263683264,98.00185894940785
2012-08-01,97.03620822417321,97.44517118757248,97.47554341269472,97.49995352573906,97.60208640218461,97.73545241560876,97.4526197254749,97.61340076194473
2012-09-01,97.31081761801381,97.49503520411356,97.42912596170743,97.0552177886944,97.5398901892539,97.65388984860631,97.36235385592843,97.64272493503262
2012-10-01,98.0607000969282,97.97843727263486,97.8189033529991,97.76530749301631,97.95506457548804,97.99003318768916,97.81635596450394,97.89699927372294
2012-11-01,98.439373723294,98.34460599163725,98.30092651712923,98.56536170221283,98.30957785295519,98.42858927713355,98.16181961842807,98.1874097680466
2012-12-01,98.54480776961873,98.5328405856556,98.5726891541032,98.09642019587483,98.33737497761989,98.46834472701124,98.48011582113541,98.44571775536042
2013-01-01,98.35972830237056,98.48336308301661,98.52922695256244,98.49513444295623,98.66096527552982,98.62179330436811,98.55376065985845,98.65613762219961
2013-02-01,99.25827398223655,99.09796416355539,99.04636801230761,98.98470179857073,98.93288418828458,99.22348460195077,98.93218305334295,99.14213987025842
2013-03-01,99.59372935508284,99.47483140409193,99.46032606165859,99.42773436707827,99.57401924763658,99.52958724630963,99.46544323396942,99.63285123474526
2013-04-01,99.0222270736854,99.21839661218522,99.31663662250976,99.39581471939869,99.12217958362228,99.28501404757714,99.17353333876305,99.09329811873616
2013-05-01,99.26287011029618,99.35305833734233,99.35228164164835,98.97503657225856,99.33493599326279,99.43644322713641,99.19650661599668,99.30578516362124
2013-06-01,99.59764048525697,99.60436879406839,99.53492045728674,99.73717968382782,99.75096879344815,99.67127977782775,99.5912799636107,99.7799659351096
2013-07-01,98.77495485433325,99.11447445455687,99.14442245085495,99.57884642784006,99.35027574954033,99.38732072639574,99.25033525428518,99.44402426159628
2013-08-01,100.23280810386213,99.99864641327089,99.8810048223577,100.1550517099469,99.87868583357351,99.94912407309448,99.61565449114798,99.81468387672736
2013-09-01,100.67246975072088,100.48300850023719,100.41839291647157,100.78186608817609,100.58798524518735,100.56803650442023,100.46995939690348,100.62756332237326
2013-10-01,100.0043276887946,100.19752903854719,100.32974263301384,100.20722434871858,100.32473931943775,100.47599680057073,100.26293969677197,100.34215860334301
2013-11-01,100.55190326933108,100.54147668709696,100.54344107251002,100.08281808086753,100.43767294867213,100.59514175847812,100.4221052564095,100.57775017095064
2013-12-01,100.72131224753991,100.73215953629997,100.68660814666056,101.60498270370518,101.04624846880361,101.03023259905268,100.7991975733823,100.97003992295737
2014-01-01,99.80440114539367,100.1775847559197,100.23711639160085,100.26501969207855,100.38468826558889,100.44649009332142,100.31038898256875,100.50534167234584
2014-02-01,101.68200363234725,101.3272852754427,101.18222644699287,101.73086285125966,101.09063490773678,101.21322365173054,100.87155560156495,101.08848966580005
2014-03-01,102.88401113676399,102.385383796421,102.2883395858498,102.29562988571627,102.18538110403715,102.22801608554295,102.13557174140449,102.18136205150229
2014-04-01,102.09305113900521,102.17407785059424,102.3876589114596,101.63739147364359,102.12332259618552,102.26227578465972,102.34495515063458,102.43064785611024
2014-05-01,102.77791222854383,102.6680492334499,102.75920249392048,102.78269436939532,102.87830341635275,102.81191209523098,102.65743079154537,102.86201267084478
2014-06-01,103.0895609751961,103.00624746695263,102.99610004815518,103.04878823127083,102.97069057183309,103.04002475247043,102.92845792978828,103.02611067661311
2014-07-01,103.19366994761624,103.1915587490326,103.23725308373697,103.12153545509716,103.39647487896764,103.36663497675012,103.23620477952728,103.42593114765211
2014-08-01,102.57587245818776,102.84874866428964,102.91310979797544,103.13402861012699,103.15089578025545,103.16718197952643,103.0910226707314,103.1325070329223
2014-09-01,103.36211172680316,103.31576376477919,103.24762167814352,103.00212610128354,103.22919011965146,103.35436809860727,103.15821821763718,103.34238746246635
2014-10-01,103.09012478036337,103.22884729714889,103.1908121353126,103.32541553167272,103.377383557698,103.47424688861292,103.27129870170923,103.40362983620993
2014-11-01,104.35512365627295,104.08503870257199,104.02248855878527,103.8270712127188,103.98651604929107,104.1117868927559,103.9306576757747,104.05119030484694
2014-12-01,103.69759672912915,103.85091446719987,103.89925586626134,103.4700271639628,103.92913643736313,104.06053538392817,104.00709376582353,104.03737120050994
2015-01-01,102.08315168219839,102.75491814337656,102.89517648640847,102.56638637447061,103.1884214017897,103.25571407078318,103.05526416279373,103.18571106423721
2015-02-01,101.58108490950075,102.14918331300636,102.05231536187291,101.64811374145022,102.13344955491003,102.4050375744432,102.25797675828717,102.29677702163748
2015-03-01,101.55130293141339,101.9153573032031,101.67799704761794,101.79315513817242,102.07736296565734,101.95531376713883,101.93387782542462,102.40637802726638
2015-04-01,100.78316070572288,101.28267163739177,101.13778147172522,101.31702146632286,101.62960481294127,101.825460604625,101.51318851817632,101.60147516797441
2015-05-01,100.44375752984176,100.87167078633553,100.73660325054422,100.6414007063116,101.08196967031249,101.11614268890166,101.02363968223378,101.10028237566468
2015-06-01,100.25557180327824,100.59870878137801,100.43089306677271,100.46381741778777,100.88527630030339,100.92373650035088,100.7428714143163,100.98661625763482
2015-07-01,101.88118331073382,101.59446989079333,101.36159318245492,100.6726146638402,101.29793838650315,101.4542694070525,101.40888018803585,101.53675037221103
2015-08-01,100.85201692389138,101.11186031279126,101.1283759802467,100.72174989267985,101.26205662035144,101.42420385989986,101.42562496312325,101.49179887514136
2015-09-01,100.4744124069181,100.79518121803062,100.8610744040309,100.98306643798844,100.79802536620505,100.89008983914039,100.77052488529772,100.8694530088414
2015-10-01,99.78326688693222,100.2342886054881,100.16928998837706,99.87520216471331,100.22108469616799,100.47386134184532,100.34056463592034,100.45103474975014
2015-11-01,98.79775687973753,99.40582217008898,99.3223194592076,99.9161031941666,100.04970037183834,100.01512898173328,99.63958512256059,99.85568309038285
2015-12-01,98.55658525284319,99.00338367047655,98.8250819998354,98.83678042790817,99.12511264517697,99.22652443437326,99.1092569553153,99.315516232891
2016-01-01,100.0845323612062,99.88057451870928,99.59152294764166,99.7603776999443,99.78549994147637,99.87553492250949,99.66129757581317,99.77209759860084
2016-02-01,98.53152468431757,98.99711897604573,99.00205720263281,98.9266872062837,99.29359803722986,99.3077902440984,99.32640075328422,99.45415664445238
2016-03-01,97.580368953836,98.18250456982194,98.22852776596622,98.72910499961469,98.42516271024051,98.55690076332446,98.3245572096357,98.40903344604652
2016-04-01,98.97753291453074,98.89280135657746,98.62399183715173,98.7265826118341,99.0506272514307,99.00280198785968,98.70855249728187,98.99624743560975
2016-05-01,98.19617724803219,98.47176812242633,98.37656306105974,98.14981615898897,98.45837228821193,98.5893859013133,98.5356862898753,98.55639095535514
2016-06-01,99.35240224130733,99.18104013111463,99.11317961057159,99.00118289782448,98.99526353782046,99.12541436498962,98.97353068318,99.10254781480812
2016-07-01,99.1167158770577,99.17342612538377,99.14850634158731,98.9023249698447,99.18924784760655,99.41179350163286,99.17749241466514,99.22403476748582
2016-08-01,98.70210643406517,98.93020344457061,98.99790840437424,98.70290123083406,99.00402864533649,99.16409202374957,99.06042285196395,99.05219849274732
2016-09-01,98.64265512535236,98.84122329617593,98.80743697187631,98.6738909827542,98.78538181934366,98.89664094120195,98.8098452984695,98.92271956334648
2016-10-01,98.77782336117967,98.89866330127711,98.81465354965255,98.4687009004101,98.94771148501094,99.01746106353801,98.93001737755455,99.08437204351651
2016-11-01,97.93950292299388,98.33492831974752,98.32039367896436,98.22941398507861,98.50876035777773,98.53496208264194,98.50180947064146,98.61261765323871
2016-12-01,99.70059824229459,99.39170226773625,99.22130755872217,98.96881244496709,99.21963034524104,99.23617365957699,99.15525308862415,99.31893022305805
2017-01-01,98.50239364711393,98.80169858793664,98.81526428076052,98.54788523835828,99.0406993654135,99.04233636762626,99.06207396764594,99.20227147300545
2017-02-01,97.97039581912686,98.35614981663132,98.43063102409845,98.54139621150563,98.65111724134343,98.7205996563674,98.48285600628684,98.60160317386047
2017-03-01,99.66934081010146,99.37458256093257,99.1622405761961,99.18933765184288,99.31263403906212,99.39325742088786,99.16832761123575,99.25939647703645
2017-04-01,101.04418552931868,100.51356796816594,100.3914562391237,100.20632734271422,100.19379237133874,100.25502480956374,100.24822815766706,100.3242488196588
2017-05-01,100.2608171758379,100.3167288013359,100.51750202661364,100.09842792669166,100.4040983918153,100.4284916261409,100.50552987177345,100.58323762048904
2017-06-01,100.55543208391906,100.55420539986686,100.6791726350376,100.20967867198034,100.42080085439373,100.46618785028858,100.4333847446302,100.42825317173249
2017-07-01,99.8680234202115,100.15654494985533,100.18748598952702,99.70251806444568,100.4337331002017,100.400957424803,100.39146549914837,100.52529241462494
2017-08-01,99.28060390849343,99.6800158330931,99.68042213622522,99.68178985897171,99.82494556667905,99.85986253473521,99.74318850073058,99.82470010838975
2017-09-01,99.89984750836608,99.96428616541671,99.81247329310467,99.30601126230977,99.88473261281445,100.0382977300284,99.91057236644045,100.01551996828842
2017-10-01,102.27227306839688,101.59495310973499,101.37052339283464,101.18952503740624,101.31749536719383,101.19267856095784,101.22466253981837,101.32092363378834
2017-11-01,101.51033748373077,101.48705256467292,101.61084654315994,100.98433194894243,101.51905236148893,101.60858565819282,101.66226852346516,101.62876989264824
2017-12-01,101.6643825687766,101.669968291196,101.84912547932856,101.2786430357903,101.66147965618043,101.71567529321175,101.67148514490815,101.79057517292303
2018-01-01,101.46190210544833,101.597812616646,101.6231004885371,101.58618321444932,101.68301208066049,101.73378058335476,101.7066036619977,101.77290008086253
2018-02-01,101.95676045576901,101.93107915574656,101.89598050153442,101.58651169680057,101.97661155676707,101.99946248763855,101.88249628550818,102.05756104205481
2018-03-01,102.70937743297918,102.51891295223122,102.45951638008844,102.24107923126324,102.4887672782964,102.65579164170296,102.60899706202439,102.71158079720787
2018-04-01,104.47448740951378,103.87013289557125,103.8244295078075,103.55789644528653,103.70942036004965,103.66827407465603,103.6677423341592,103.75668697952094
2018-05-01,101.48026337509005,102.21910613385478,102.50823080535649,101.86484476987845,102.57246072576449,102.7109333440583,102.74326225347014,102.85484540481873
2018-06-01,104.00225905979762,103.6136843351457,103.54520426877608,103.48061587040561,103.56107245072185,103.5886256791172,103.34799831190162,103.60137675115665
2018-07-01,103.53302723328241,103.56236692295877,103.4594461559904,102.94915278038485,103.49736215403485,103.59410865246406,103.63509854370496,103.63214977733378
2018-08-01,104.70741235130856,104.40534972173324,104.4497948299067,104.05444123270466,104.34094040189616,104.35307237057337,104.21260658873146,104.319395681926
2018-09-01,104.16956483155253,104.26541188917966,104.33830369864668,103.94915654919473,104.30674646161883,104.42018283178163,104.40433514384728,104.46897600283489
2018-10-01,103.87208252269131,104.08737875901669,104.17390946832954,103.80390833585227,104.25198392247857,104.26452452924255,104.18801606347539,104.34884131941007
2018-11-01,104.15210301563121,104.23771515235667,104.17929996749832,104.08903191572857,104.13555115092063,104.17928205998851,104.20414459955705,104.30363951100895
2018-12-01,104.12046051097296,104.24344442481134,104.18932403369108,103.86620631311318,104.22197016978643,104.40858874477566,104.29624103152234,104.3364382290038
2019-01-01,102.71552384082777,103.30422791699095,103.34637307636972,102.79871110255694,103.31218049697175,103.4821612688857,103.4578504049985,103.50844028408737
2019-02-01,102.27568685156963,102.78019067194144,102.69858081764465,102.71117807102968,102.75839943619282,102.93619737783197,102.85561977679819,102.91312207222471
2019-03-01,102.9156663273483,103.02648511005334,102.78544310079856,102.63244801157455,102.96989471611195,102.92612024851935,102.85569310983945,102.99221592574386
2019-04-01,101.67625912639865,102.20275177387849,102.13302394339493,102.55286990199994,102.46278651253864,102.54147331030634,102.41822342510349,102.45589353844179
2019-05-01,102.51159103133075,102.56875362443144,102.43301086108347,102.71919631045212,102.5636772933209,102.56427132651025,102.43226447849837,102.53182297677601
2019-06-01,102.48437065079428,102.58910892318059,102.45925945226385,102.28982740195059,102.39648729705735,102.55151679794326,102.53238133427831,102.45512587584784
2019-07-01,101.44708851154425,101.90431803479032,101.93762421359574,101.37648857693505,101.76027586275715,102.02878962379398,102.04136597782566,101.94924753149371
2019-08-01,103.34426360552811,103.01659809421628,102.83733038943559,102.45215434718878,102.64157411217629,102.75839342814308,102.67426998902612,102.72963653656197
2019-09-01,101.94636625259795,102.3081137937678,102.31906637523102,101.99728898477134,102.40279651986842,102.47090878342577,102.53113450091023,102.39805911250733
2019-10-01,100.57185549419488,101.26529071556196,101.3767247062846,101.6568372566134,101.59246298259323,101.55585479118515,101.45793204946766,101.54891726829776
2019-11-01,102.45084782723102,102.24662122471518,101.96951251427879,101.625527670205,101.86455793419937,101.93455838036208,101.87943599798791,101.92669927315356
2019-12-01,101.4648848003183,101.75301701059728,101.66076099199735,101.17909696990237,101.65849546941512,101.80535576194421,101.99187588247123,101.96855336047801
2020-07-01,98.59268166681682,96.34464433606914,95.9890216417954,95.2713874456779,95.24195714053974,95.1771064071589,95.12873098989975,95.19596779095649
2020-08-01,96.89580055609538,96.39953614206274,96.76886460311748,96.80157616601639,96.81674555288262,96.8764896902919,97.07184896063434,96.78105994571203
2020-09-01,95.98010794479943,96.10225972190807,96.76837297524862,96.83892698726889,97.09408800527414,97.11653627817218,96.9741453931705,96.97042946373155
2020-10-01,97.52040846474885,97.13164206984553,97.16930703703942,97.18608021663955,97.44979302370606,97.24025602054662,97.180302590309,97.23700747304278
2020-11-01,97.42669068620708,97.32968849540244,97.36862576894463,98.02145890527814,97.87993630578781,97.75351666647957,97.75651982553384,97.83297928736721
2020-12-01,99.66434886110798,98.93117858423317,98.94060988935031,99.09292274121891,98.93637170546148,98.84891660413459,98.71373917021509,98.81502610141328
2021-01-01,99.40608783468035,99.1935489808697,99.3451399018883,99.45082521955133,99.18595054013429,99.22198645148148,99.30596054008218,99.33356823098612
2021-02-01,92.45241852626646,94.68725242720424,95.21689957328802,95.20445681661326,95.86888900711511,95.88932350330738,96.06932806373082,96.08498840305681
2021-03-01,101.24181111803502,99.37219826861535,98.67093827830205,99.83485010789855,99.00137550908785,98.73299828196551,98.15324453873379,98.58867789970444
2021-04-01,98.73355511704096,98.75384636348652,98.51010632717414,99.13744676228957,99.24914652372267,99.22065166087572,99.61718855279807,99.47778481282714
2021-05-01,100.31810677203835,99.837888658763,100.21287941947023,99.44640498372986,99.75982896747232,99.69632284251249,99.73822852128596,99.86333852938725
2021-06-01,100.16717248467972,100.05315451555774,100.13739587829606,99.62931639777466,100.29039814664523,100.28265289678691,100.31904798678248,100.47997622941321
2021-07-01,100.70901358734433,100.53320212053127,100.646482472683,100.62872056273265,100.68902890250578,100.70581675440043,100.67092617162409,100.72814757850435
2021-08-01,99.83686785215802,100.12977852268544,100.23199533519758,100.10361179114689,100.48971604480839,100.56101764284048,100.66812005976784,100.69990514488066
2021-09-01,97.68575715488278,98.65484486758008,98.75798753780359,98.92787249114647,99.16305204421927,99.21422373970381,99.16434903291992,99.27351668516833
2021-10-01,101.53522745776033,100.72215026048382,100.33479064968824,100.5788900921808,100.66116915681896,100.57771813798644,100.47065079879484,100.77761770108339
2021-11-01,101.5514744327687,101.21257641255585,101.10878049992836,101.49116449178551,101.67627454086242,101.64201880975142,101.60016408421303,101.77755956735126
2021-12-01,100.2814716519003,100.63643904820789,100.94109983679287,101.16444503235905,101.19861212582866,101.22435194942602,101.19305326426289,101.22575558626257
2022-01-01,99.80077739235637,100.22084065587494,100.27710481496334,100.19126641088938,100.63780591661074,100.67283025754529,100.66267755166065,100.7856127746562
2022-02-01,101.43312424255305,101.1353120605534,100.92705254508292,100.69859554522594,101.01270026776919,101.05190101597829,101.05718781780017,101.26956932126869
2022-03-01,101.98041769075087,101.7102838843288,101.63869163335119,101.84014456724461,102.08174787345575,102.16232637225893,102.05414668864137,102.29667136571608
2022-04-01,101.49061644649908,101.6040652858441,101.74242576762073,101.3085480838289,102.06766585467103,101.97329438582233,102.11412988721793,102.46072392773998
2022-05-01,101.22818929925864,101.45203106344243,101.51849551418255,101.29534944839584,101.6760239084785,101.78772139501186,101.71242230344572,101.77126520377466
2022-06-01,100.70427211544961,101.07510076158833,101.04877828269557,100.89423551126669,101.28284052385068,101.33287205372483,101.2398311688828,101.62337518704888
2022-07-01,101.42991288920163,101.43103524524365,101.30264959422685,101.28775227372218,101.71130575968158,101.71522399898478,101.52144028573531,101.82282053207936
2022-08-01,100.97080158329184,101.20777343658855,101.15051555177499,100.74783183311497,101.29507467431601,101.60194484751015,101.52589095046444,101.36010029578921
2022-09-01,101.48915879623382,101.49684678470315,101.44821954799477,101.13936606649725,101.50070282189121,101.60458258358969,101.44626679314374,101.5155412040924
2022-10-01,101.21517547014263,101.3897544572988,101.35452646204394,101.53343038123649,101.76341407292135,101.6763506065276,101.65729166793989,102.05361679269025
2022-11-01,100.6591828862767,101.01628512002333,101.02266661729698,100.72984618148233,101.29646634933721,101.42249926789856,101.28591734154776,101.50264084291868
2022-12-01,98.59121549479602,99.56684389199353,99.57601136855006,99.75790501862625,99.95841096240673,100.01224635163275,99.84295300438218,99.91707334517152
2023-01-01,101.2512733809487,100.86477344422966,100.52993789648181,100.45312717694807,100.50647145755501,100.51289355437743,100.530819350049,100.52075132423705
2023-02-01,100.77976915257254,100.82712320500123,100.68176588808309,100.94741421864877,101.0004804900896,100.94428083123992,101.00872759382285,101.09260336611665
2023-03-01,101.40254068193592,101.27669960113181,101.33957863366048,100.86029350888063,101.05804724245938,101.23865301931102,101.16831657811488,101.0795254851156
2023-04-01,101.4875515534021,101.46726634403828,101.47934730532384,101.90998504687059,101.28044257027842,101.2508561631843,101.33155375908663,101.23409343352498
2023-05-01,100.60600473284322,100.98174304573509,101.06033329511928,100.7426414417822,101.1234996775896,101.13954116300307,101.2212961705821,101.19215344601376
2023-06-01,99.31720181422999,100.03115860585777,100.04656570765,99.86099431477454,99.98225230079453,100.2029917563185,100.17299495486438,100.01994716249422
2023-07-01,101.70224665707451,101.27960783966195,100.99348488374511,101.3429856342425,101.15219763442373,100.92865620593213,100.95658309495781,101.06254069436842
2023-08-01,100.77304733386386,100.9658335483287,100.90897118898057,100.78005592621483,100.91570813064686,100.9989667292005,101.08016232711405,100.97132413880766
2023-09-01,101.20466347075815,101.21924810157385,101.27720394331229,100.95781528908623,101.07679019489089,101.08059546667539,101.17634840959906,101.2308351422379
2023-10-01,99.92017407836971,100.45596294294964,100.47442097534707,100.79326174376851,100.6997936381403,100.72174214975479,100.68430090000729,100.61708862176827
2023-11-01,101.26216889217534,101.12239815627389,100.99037894436177,100.86708284697953,100.72571881068785,100.98148032015911,100.85073440759305,100.75798657475627
2023-12-01,100.34381257392154,100.67348952086627,100.62039126760953,100.70404024091127,100.82506865603663,100.69725907683289,100.85255556629082,100.79631843103715
2024-01-01,97.8598239268908,98.97070226046814,99.07171377644201,98.92589193394052,99.20972778419952,99.29235261569794,99.29845659533164,99.13654811741598
2024-02-01,101.3616878190835,100.73101724646108,100.34623488352484,101.19469999106488,100.45013678304103,100.36708293037596,100.16528315507597,100.27991841747847
2024-03-01,100.6317021747379,100.6506272421645,100.51596045840843,100.59916493947416,100.47333914524147,100.5533816003772,100.74102994883678,100.63439120402337
2024-04-01,100.03064717917376,100.32699110847942,100.50396911067688,100.56066525416067,100.30480369578392,100.35008345131145,100.3625843933619,100.2333945450953
2024-05-01,101.48843289802379,101.18304368429962,101.08150586008556,100.91593526954321,100.85226529450128,100.98144672546869,100.94582419934756,100.93287700353197
2024-06-01,100.92622762912193,101.0478287767126,101.05343997166996,100.87158258191575,100.89785456965016,100.98738736868842,101.03565693874172,100.84954728079704
2024-07-01,99.06573148282705,99.86161888846998,100.0038655615692,99.62527413588036,99.79084300319747,99.94969313041578,99.95876972324615,99.84490298858677
2024-08-01,100.88994345998177,100.70249448202802,100.49106024929893,100.38025284790987,100.42323616194209,100.46947805033929,100.3988747281749,100.41466082820048
2024-09-01,99.19010930328547,99.7775064008402,99.69677791094898,99.6186876498611,99.63505584037328,99.7809062270953,99.91030845893066,99.69050308736229
2024-10-01,99.13246352227216,99.51604847656223,99.48769865325434,99.58405302613592,99.43436803998326,99.45616777215865,99.44066363284578,99.30102562385633
2024-11-01,99.1167350011639,99.38351151311811,99.19988501772606,99.11319865462113,99.24262057812342,99.19365738396336,99.23813397122937,99.2765189367019
2024-12-01,101.37541949710747,100.76125249617498,100.54279708735825,100.11835721336843,100.38675943866413,100.37061915256106,100.47564524764431,100.45278950607981
2025-01-01,99.80360292463637,100.13420670876454,100.23233632422594,100.6259832175272,100.22535138939745,100.29052049548866,100.33017973339797,100.21897810286333
2025-02-01,102.14713406979257,101.53270887999831,101.53436099973293,101.62137935271895,101.30806451982633,101.193637490618,101.19685594822661,101.29697006679136
2025-03-01,100.98262296897698,101.16884996905102,101.2382852573166,101.08514954606756,101.0212538988637,101.17293008543172,101.30212448209137,101.11829023730152
2025-04-01,101.21675446201027,101.29680763385737,101.40903032009824,100.93607524581414,101.16187711916164,101.2694938003615,101.28247541176519,101.14904156507384
2025-05-01,100.80431182951547,101.06481850993957,101.03639336630198,100.93677159046524,101.01210339268859,101.07225014987863,101.0562184874989,101.08117783982239
2025-06-01,101.99594267840288,101.76575540697594,101.66579422137,101.82163930448986,101.6960918541253,101.57420725602297,101.59036320791635,101.63685150086654
2025-07-01,102.31291177650876,102.15500406247946,102.12258642224974,101.80923495438431,101.9115254513884,101.98229504838092,101.97382116797722,101.9260332500498
2025-08-01,101.35692926800678,101.69578753691785,101.82051789765364,101.66568335704524,101.64216463701489,101.7316194453306,101.75467721308122,101.62879588109479
2025-09-01,101.78843383673004,101.8735479909942,101.85009959495339,101.93395926563653,101.77235241422056,101.83723760997292,101.71857081063827,101.70441997571979
2025-10-01,100.81066326795965,101.2774460700603,101.23787934799066,101.14366203237694,101.22959821747497,101.30074465318553,101.35171125768973,101.29735824367926
2025-11-01,101.49945615865667,101.55485652381508,101.44561584603872,101.35812017055531,101.30857546994129,101.43672203757362,101.31271311146504,101.27747933439164
2025-12-01,101.88381115762003,101.84374461609269,101.71964898819999,101.62120933703233,101.64121988529222,101.69985179422525,101.75240489063641,101.741666917155
2026-01-01,103.05987198949258,102.68435184114342,102.63506593884298,102.37820401262361,102.3137712355911,102.35995613389163,102.45280205663973,102.37363924984189
